FirstName,LastName,Office
Arlo,White,London
Finn,Hale,London
Zoe,Brady,New York
Benjamin,Cullen,New York
Maeve,Brookes,New York
Elliot,Blair,Los Angeles
Ethan,Ross,Los Angeles
Lyra,Hodgson,London
Dexter,Ross,New York
Oliver,Ingram,New York
Anastasia,Long,Los Angeles
Miles,Wade,New York
Elliot,Currie,London
Halle,Morton,London
Nicholas,Williamson,London
Casper,Chandler,London
Jude,Mcdonald,Los Angeles
Gracie,Doyle,Los Angeles
Lilah,Garner,London
Leon,Hopkins,New York
Alyssa,Kent,New York
Nellie,Fisher,Los Angeles
Elsie,Johnstone,Los Angeles
George,Parkin,Los Angeles
Lucia,Mckenzie,Los Angeles
Mark,Donaldson,Los Angeles
Eleanor,Coleman,London
Kiara,Davidson,New York
Michael,Morgan,New York
Ruben,Briggs,Los Angeles
Peter,Jordan,New York
Scarlett,Woodward,London
Jamie,Duffy,Los Angeles
Daniel,Kent,London
Daniel,Freeman,New York
Jude,Kelly,Los Angeles
Skylar,Clayton,Los Angeles
Nelly,Waters,Los Angeles
Hugo,Humphreys,New York
Ethan,Sheppard,New York
Rio,Howell,Los Angeles
Anthony,Butler,New York
Primrose,Vaughan,Los Angeles
Tobias,Clark,London
Jessica,Akhtar,London
Abigail,Bennett,Los Angeles
Callum,Campbell,London
Lily,Reynolds,New York
Hollie,Hooper,Los Angeles
Lily,Cairns,Los Angeles
Reuben,Lindsay,Los Angeles
Paige,Kemp,Los Angeles
Frankie,Perry,London
Lena,Houghton,New York
Sonny,Johnston,New York
Martha,Miller,London
Vincent,Dobson,Los Angeles
Freddie,Grant,New York
Francis,Pearce,London
Khadijah,Hayward,New York
Rory,Hooper,Los Angeles
Reuben,Gilbert,New York
Florence,Mckenzie,London
Clara,Kennedy,Los Angeles
Martha,Dickson,Los Angeles
Ayla,Robertson,London
Claire,Pearce,New York
Noah,Richardson,London
Kai,Stewart,Los Angeles
Seren,Barnett,Los Angeles
Safa,Allen,London
Winnie,Byrne,Los Angeles
Riley,Barrett,New York
Felicity,Stewart,New York
Cameron,Read,Los Angeles
Leonardo,Thomson,Los Angeles
Rafael,Parry,London
Frankie,Owens,London
Zahra,Baldwin,Los Angeles
Eve,Mclean,Los Angeles
Kit,Currie,New York
Leila,Pollard,New York
Jax,Spence,London
Alexandra,Morgan,New York
Delilah,Christie,New York
Zion,Mckenzie,London
Nathan,White,London
Sadie,Doherty,London
Nathan,Blackburn,London
Florence,Hicks,New York
Hudson,Saunders,London
Mabel,Blair,Los Angeles
Eden,Harvey,New York
Maja,Giles,London
Oakley,Davison,New York
Isla-Rose,Slater,Los Angeles
Lucas,Barnett,London
Lola,Paterson,New York
Elsie,Barrett,London
Zara,Clayton,London
